codigo_nuevo,descripcion_codigo_nuevo,ciiu_asignado,actividades_ciiu_integra,ciiu_nueva_cod
3,"Tratamiento de semillas para propagación /-/Cultivo de cereales (excepto arroz), leguminosas y semillas oleaginosas (cultivo de soya)",0111,"0164,0111",01-X01
35,Actividades de apoyo a la ganadería /-/Cría de ganado bovino y búfalos (explotación de bovinos para la producción de carne),0141,"0162,0141",01-X02
64,"Cría de camellos y otros camélidos /-/Cría de otros animales (explotación de avestruces, codornices, faisanes, palomas y emúes, y otras aves para la producción de carne y huevo n.c.p.*)",0143,"0143,0149",01-X03
241,Cultivo de arroz ,0112,0112,0112
17,"Cultivo de hortalizas y melones, raíces y tubérculos (cultivo de jitomate o tomate rojo)",0113,0113,0113
248,Cultivo de caña de azúcar ,0114,0114,0114
246,Cultivo de tabaco ,0115,0115,0115
247,Cultivo de plantas para fibras textiles (cultivo de algodón),0116,0116,0116
46,Cultivo de otros productos agrícolas no perennes (cultivo de maíz tierno),0119,0119,0119
242,Cultivo de uva ,0121,0121,0121
62,Cultivo de frutas tropicales y subtropicales (cultivo de plátano),0122,0122,0122
101,Cultivo de cítricos (cultivo de naranja),0123,0123,0123
146,Cultivo de frutas de pepita y de hueso (cultivo de manzana),0124,0124,0124
147,"Cultivo de otros frutos y nueces de árboles y arbustos (cultivo de mora, fresa, kiwi, nueces, piñón, avellana, y otros frutales no cítricos n.c.p.*)",0125,0125,0125
243,Cultivo de frutos oleaginosos (cultivo de coco),0126,0126,0126
102,Cultivo de plantas con las que se preparan bebidas (cultivo de café),0127,0127,0127
145,"Cultivo de especias y de plantas aromáticas, medicinales y farmacéuticas (cultivo de chile)",0128,0128,0128
245,Cultivo de otras plantas perennes (cultivo de árboles de ciclo productivo de 10 años o menos),0129,0129,0129
244,Propagación de plantas (producción de plántulas y plantitas de hortalizas en almácigos en invernaderos y otras estructuras agrícolas protegidas),0130,0130,0130
250,Cría de caballos y otros équidos ,0142,0142,0142
149,Cría de ovejas y cabras (explotación de ovinos),0144,0144,0144
148,Cría de cerdos (explotación de porcinos en granja),0145,0145,0145
36,Cría de aves de corral (explotación de gallinas para la producción de huevo fértil),0146,0146,0146
63,Cultivo de productos agrícolas en combinación con la cría de animales (explotación mixta) (actividades agrícolas combinadas con explotación de animales),0150,0150,0150
151,Actividades de apoyo a la agricultura (servicios de fumigación agrícola),0161,0161,0161
152,Actividades poscosecha (despepite de algodón),0163,0163,0163
253,Caza ordinaria y mediante trampas y actividades de servicios conexas ,0170,0170,0170
150,Silvicultura y otras actividades forestales (silvicultura),0210,0210,0210
251,Tala de árboles (recolección de leña),0220,0220,0220
249,Recolección de productos forestales distintos de la madera (recolección de savia de maple),0230,0230,0230
153,Servicios de apoyo a la silvicultura (servicios relacionados con el aprovechamiento forestal),0240,0240,0240
47,"Pesca marítima (pesca de camarón en alta mar)/-/Elaboración y conservación de pescado, crustáceos y moluscos ",0311,"0311,1020",03-X01
103,Acuicultura marina (camaronicultura en alta mar)/-/Acuicultura de agua dulce (camaronicultura en agua dulce),0321,"0321,0322",03-X02
252,Pesca de agua dulce (pesca de camarón en agua dulce),0312,0312,0312
154,Extracción de lignito /-/Extracción de hulla ,0510,"0520,0510",05-X01
105,Extracción de petróleo crudo (extracción de petróleo crudo asociado)/-/Extracción de gas natural (extracción de gas natural asociado),0610,"0610,0620",06-X01
254,Extracción de minerales de hierro ,0710,0710,0710
255,Extracción de minerales de uranio y torio ,0721,0721,0721
26,Extracción de otros minerales metalíferos no ferrosos (minería de oro),0729,0729,0729
22,Extracción de minerales para la fabricación de abonos y productos químicos (minería de marga)/-/Extracción de turba ,0891,"0891,0892",08-X01
37,"Extracción de piedra de cantera, arena y arcilla (minería de piedra caliza)",0810,0810,0810
155,Extracción de sal (minería de sal),0893,0893,0893
65,Explotación de otras minas y canteras n.c.p. (minería de mica),0899,0899,0899
156,Actividades de apoyo para la extracción de petróleo y gas natural (perforación de pozos petroleros y de gas),0910,0910,0910
256,"Actividades de apoyo para otras actividades de explotación de minas y canteras (exploración o prospección minera exclusiva para campos petroleros y mineros en alguna de las fases necesarias para la explotación de yacimientos mineros, petroleros y de gas, y otros servicios de apoyo a la minería n.c.p.*)",0990,0990,0990
109,"Elaboración de macarrones, fideos, alcuzcuz y productos farináceos similares (elaboración de pastas congeladas)/-/Elaboración de comidas y platos preparados (elaboración de guisos congelados)",1074,"1074,1075",10-X01
108,Elaboración y conservación de carne (elaboración de carnes congeladas preparadas),1010,1010,1010
51,"Elaboración y conservación de frutas, legumbres y hortalizas (elaboración de harina de papa)",1030,1030,1030
261,Elaboración de aceites y grasas de origen vegetal y animal (elaboración de aceites y grasas de origen vegetal excepto aceite de maíz),1040,1040,1040
67,Elaboración de productos lácteos (elaboración de leche líquida),1050,1050,1050
50,Elaboración de productos de molienda (beneficio del arroz),1061,1061,1061
162,Elaboración de almidones y productos derivados del almidón (elaboración de féculas y otros almidones y sus derivados),1062,1062,1062
68,Elaboración de productos de panadería (panificación industrial),1071,1071,1071
163,Elaboración de azúcar (elaboración de azúcar de caña),1072,1072,1072
164,"Elaboración de cacao y chocolate y de productos de confitería (elaboración de chicles, bombones, chiclosos, caramelos macizos, fruta cristalizada, confitada y glaseada)",1073,1073,1073
19,Elaboración de otros productos alimenticios n.c.p. (elaboración de sopas congeladas),1079,1079,1079
260,Elaboración de alimentos preparados para animales ,1080,1080,1080
69,"Destilación, rectificación y mezcla de bebidas alcohólicas (elaboración de bebidas alcohólicas a base de uva)",1101,1101,1101
166,Elaboración de vinos (elaboración de pulque),1102,1102,1102
161,Elaboración de malta y licores de malta (elaboración de malta),1103,1103,1103
165,Elaboración de bebidas no alcohólicas; producción de aguas minerales y otras aguas embotelladas (elaboración de refrescos y otras bebidas no alcohólicas),1104,1104,1104
110,Elaboración de productos de tabaco (beneficio del tabaco),1200,1200,1200
111,"Preparación e hilatura de fibras textiles (preparación e hilado de fibras duras naturales, como henequén, ixtle y palma)",1311,1311,1311
263,Tejedura de productos textiles ,1312,1312,1312
113,Acabado de productos textiles (acabado de productos textiles),1313,1313,1313
264,Fabricación de tejidos de punto y ganchillo ,1391,1391,1391
167,"Fabricación de artículos confeccionados de materiales textiles, excepto prendas de vestir (tejido de manteles, colchas y carpetas de tejido de punto)",1392,1392,1392
266,Fabricación de tapices y alfombras (fabricación de alfombras y tapetes),1393,1393,1393
265,"Fabricación de cuerdas, cordeles, bramantes y redes ",1394,1394,1394
112,Fabricación de otros productos textiles n.c.p. (fabricación de telas angostas de tejido de trama y pasamanería),1399,1399,1399
18,"Fabricación de prendas de vestir, excepto prendas de piel (fabricación de pañales de tela)",1410,1410,1410
268,Fabricación de artículos de piel (confección de prendas de vestir de piel),1420,1420,1420
114,Fabricación de artículos de punto y ganchillo (fabricación de calcetines y medias de tejido de punto),1430,1430,1430
269,Curtido y adobo de cueros; adobo y teñido de pieles ,1511,1511,1511
270,"Fabricación de maletas, bolsos de mano y artículos similares, y de artículos de talabartería y guarnicionería (fabricación de bolsos de mano, maletas y similares)",1512,1512,1512
52,Fabricación de calzado (fabricación de calzado con corte de piel y cuero),1520,1520,1520
104,"Aserrado y acepilladura de madera (producción de trozas, astillas y rajas de madera)",1610,1610,1610
271,Fabricación de hojas de madera para enchapado y tableros a base de madera (fabricación de laminados y aglutinados de madera en aserraderos integrados),1621,1621,1621
168,Fabricación de partes y piezas de carpintería para edificios y construcciones (fabricación de productos de madera para la construcción en aserraderos integrados),1622,1622,1622
115,Fabricación de recipientes de madera (fabricación de contenedores de madera en aserraderos integrados),1623,1623,1623
70,"Fabricación de otros productos de madera; fabricación de artículos de corcho, paja y materiales trenzables (tejido de tapetes, petates, cestos, canastos, sombreros, bolsos de mano, cuerdas, costales y artículos decorativos de palma y de fibras duras similares preparadas compradas)",1629,1629,1629
11,"Fabricación de pasta de madera, papel y cartón (fabricación de pulpa)/-/Fabricación de papel y cartón ondulado y de envases de papel y cartón (fabricación de envases de papel en plantas integradas)/-/Fabricación de otros artículos de papel y cartón (fabricación de productos de papel en plantas integradas)",1701,"1701,1702,1709",17-X01
191,Fabricación de soportes magnéticos y ópticos /-/Reproducción de grabaciones ,1820,"2680,1820",18-X01
272,"Impresión (impresión de libros, periódicos y revistas)",1811,1811,1811
273,Actividades de servicios relacionadas con la impresión ,1812,1812,1812
274,"Fabricación de productos de hornos de coque (fabricación de coque, briquetas de carbón y de otros productos derivados del petróleo refinado y del carbón mineral n.c.p.*)",1910,1910,1910
169,Fabricación de productos de la refinación del petróleo (refinación de petróleo),1920,1920,1920
41,Fabricación de sustancias químicas básicas (obtención de alcohol etílico potable),2011,2011,2011
262,Fabricación de abonos y compuestos de nitrógeno (fabricación de cloruro amónico),2012,2012,2012
117,Fabricación de plásticos y caucho sintético en formas primarias (fabricación de resinas sintéticas),2013,2013,2013
275,"Fabricación de plaguicidas y otros productos químicos de uso agropecuario (fabricación de pesticidas y otros agroquímicos, excepto fertilizantes)",2021,2021,2021
170,"Fabricación de pinturas, barnices y productos de revestimiento similares, tintas de imprenta y masillas (fabricación de pigmentos naturales para pieles)",2022,2022,2022
171,"Fabricación de jabones y detergentes, preparados para limpiar y pulir, perfumes y preparados de tocador (fabricación de jabones, detergentes, suavizantes de telas, ceras, aromatizantes de ambiente, limpiadores dentífricos y pulidores)",2023,2023,2023
74,Fabricación de otros productos químicos n.c.p. (fabricación de materiales sintéticos para perfumes y cosméticos),2029,2029,2029
267,Fabricación de fibras artificiales ,2030,2030,2030
75,"Fabricación de productos farmacéuticos, sustancias químicas medicinales y productos botánicos de uso farmacéutico (fabricación de ácido salicílico no medicinal)",2100,2100,2100
71,Fabricación de otros productos de caucho (fabricación de telas recubiertas con hule)/-/Fabricación de artículos de deporte ,2219,"2219,3230",22-X01
277,"Fabricación de llantas y tubos de hule, reconstrucción y revitalizado de llantas de hule ",2211,2211,2211
12,Fabricación de productos de plástico (confección de cortinas de plástico),2220,2220,2220
27,Fabricación de vidrio y productos de vidrio (fabricación de vidrio),2310,2310,2310
279,Fabricación de productos refractarios ,2391,2391,2391
173,Fabricación de materiales de construcción de arcilla (fabricación de muebles de baño),2392,2392,2392
278,Fabricación de otros productos de porcelana y de cerámica ,2393,2393,2393
174,"Fabricación de cemento, cal y yeso (fabricación de cemento)",2394,2394,2394
42,"Fabricación de artículos de hormigón, cemento y yeso (fabricación de ladrillos de adobe)",2395,2395,2395
280,"Corte, talla y acabado de la piedra ",2396,2396,2396
72,Fabricación de otros productos minerales no metálicos n.c.p. (fabricación de papel alquitranado),2399,2399,2399
53,Fabricación de metales preciosos básicos y de otros metales no ferrosos (fabricación de papel metalizado)/-/Fabricación de armas y municiones ,2420,"2420,2520",24-X01
175,Industrias básicas de hierro y acero (complejos siderúrgicos),2410,2410,2410
176,Fundición de hierro y acero (fabricación de tubos y postes de hierro y acero),2431,2431,2431
282,Fundición de metales no ferrosos ,2432,2432,2432
28,"Fabricación de artículos de cuchillería, herramientas de mano y artículos de ferretería (fabricación de herramientas de mano sin motor)/-/Fabricación de herramientas de mano motorizadas (fabricación de equipo con motor para la jardinería)/-/Fabricación de maquinaria para la explotación de minas y canteras y para obras de construcción (fabricación de tractores de oruga, máquinas para movimiento de tierra, bulldozers y mezcladoras de concreto)",2593,"2593,2818,2824",25-X01
180,Fabricación de productos metálicos para uso estructural (fabricación de estructuras metálicas para la construcción),2511,2511,2511
286,"Fabricación de tanques, depósitos y recipientes de metal (fabricación de tanques metálicos de calibre grueso)",2512,2512,2512
285,"Fabricación de generadores de vapor, excepto calderas de agua caliente para calefacción central ",2513,2513,2513
177,"Forja, prensado, estampado y laminado de metales; pulvimetalurgia (fabricación de productos forjados y estampados, y de productos mediante pulvimetalurgia)",2591,2591,2591
182,Tratamiento y revestimiento de metales; maquinado (maquinado de piezas para maquinaria y equipo en general),2592,2592,2592
73,Fabricación de otros productos elaborados de metal n.c.p. (fabricación de bolsas de papel aluminizado),2599,2599,2599
122,"Fabricación de equipo de medición, prueba, navegación y control (fabricación de básculas y balanzas de laboratorio y de uso industrial)/-/Fabricación de equipo de irradiación y equipo electrónico de uso médico y terapéutico ",2651,"2651,2660",26-X01
296,Fabricación de componentes y tableros electrónicos ,2610,2610,2610
294,Fabricación de ordenadores (computadoras) y equipo periférico ,2620,2620,2620
190,Fabricación de equipo de comunicaciones (fabricación de equipo telefónico),2630,2630,2630
295,Fabricación de aparatos electrónicos de consumo (fabricación de equipo de audio y de video),2640,2640,2640
297,Fabricación de relojes (excepto fabricación de parquímetros),2652,2652,2652
293,Fabricación de instrumentos ópticos y equipo fotográfico (fabricación de aparatos fotográficos),2670,2670,2670
54,Fabricación de cables de fibra óptica /-/Fabricación de otros hilos y cables eléctricos (fabricación de cable de acero),2731,"2731,2732",27-X01
121,"Fabricación de motores, generadores y transformadores eléctricos y aparatos de distribución y control de la energía eléctrica (fabricación de transformadores para soldadura de arco)",2710,2710,2710
118,"Fabricación de pilas, baterías y acumuladores (fabricación de partes de plástico para baterías y acumuladores)",2720,2720,2720
298,Fabricación de dispositivos de cableado ,2733,2733,2733
123,Fabricación de equipo eléctrico de iluminación (fabricación de focos),2740,2740,2740
192,Fabricación de aparatos de uso doméstico (fabricación de enseres electrodomésticos menores),2750,2750,2750
178,Fabricación de otros tipos de equipo eléctrico (fabricación de pistolas manuales para soldar),2790,2790,2790
120,"Fabricación de maquinaria para la conformación de metales y de máquinas herramienta (fabricación de maquinaria y equipo para la industria de la madera)/-/Fabricación de hornos, hogares y quemadores (fabricación de hornos para la industria del cemento)",2815,"2822,2815",28-X01
289,"Fabricación de motores y turbinas, excepto motores para aeronaves, vehículos automotores y motocicletas (fabricación de motores de combustión interna y de turbinas)",2811,2811,2811
283,Fabricación de equipo de propulsión de fluidos (fabricación de válvulas hidráulicas y neumáticas),2812,2812,2812
78,"Fabricación de otras bombas, compresores, grifos y válvulas (fabricación de grifos y válvulas industriales)",2813,2813,2813
291,"Fabricación de cojinetes, engranajes, trenes de engranajes y piezas de transmisión (fabricación de baleros y rodamientos)",2814,2814,2814
284,Fabricación de equipo de elevación y manipulación (fabricación de gatos mecánicos),2816,2816,2816
172,Fabricación de maquinaria y equipo de oficina [excepto ordenadores (computadoras) y equipo periférico] (fabricación y remanufactura de cartuchos de tóner),2817,2817,2817
77,Fabricación de otros tipos de maquinaria de uso general (fabricación de cintas métricas),2819,2819,2819
179,Fabricación de maquinaria agropecuaria y forestal (fabricación de podadoras de pasto sin motor),2821,2821,2821
281,Fabricación de maquinaria metalúrgica (fundición de lingoteras),2823,2823,2823
292,"Fabricación de maquinaria para la elaboración de alimentos, bebidas y tabaco (fabricación de secadores de productos agrícolas)",2825,2825,2825
183,"Fabricación de maquinaria para la elaboración de productos textiles, prendas de vestir y cueros (fabricación de maquinaria para despepite de algodón)",2826,2826,2826
185,Fabricación de otros tipos de maquinaria de uso especial (fabricación de maquinaria y equipo para la industrias del hule y del plástico),2829,2829,2829
188,Fabricación de vehículos automotores (fabricación de motores diésel),2910,2910,2910
299,"Fabricación de carrocerías para vehículos automotores; fabricación de remolques y semirremolques (fabricación de remolques y semirremolques para usos diversos, campers y casetas)",2920,2920,2920
290,"Fabricación de partes, piezas y accesorios para vehículos automotores (fabricación de quinta rueda)",2930,2930,2930
181,Construcción de buques y estructuras flotantes (fabricación de estructuras metálicas flotantes)/-/Construcción de embarcaciones de recreo y de deporte ,3011,"3011,3012",30-X01
184,Fabricación de locomotoras y material rodante (fabricación de carritos para la minería),3020,3020,3020
187,"Fabricación de aeronaves, naves espaciales y maquinaria conexa (fabricación de simuladores de vuelo)",3030,3030,3030
288,Fabricación de vehículos militares de combate ,3040,3040,3040
189,Fabricación de motocicletas (fabricación de motores para motocicletas),3091,3091,3091
301,Fabricación de bicicletas y vehículos de transporte para personas con discapacidad física (fabricación de bicicletas y triciclos),3092,3092,3092
287,Fabricación de otros tipos de equipo de transporte n.c.p. (fabricación de carritos de alambre para supermercado),3099,3099,3099
76,Fabricación de muebles (fabricación de partes para muebles de plástico sin reforzamiento),3100,3100,3100
119,"Fabricación de joyas y artículos conexos (fabricación de piedras preciosas, semipreciosas y sintéticas para joyería)",3211,3211,3211
193,Fabricación de bisutería y artículos conexos (joyería de metales y piedras no preciosos y de otros materiales),3212,3212,3212
303,Fabricación de instrumentos de música ,3220,3220,3220
302,Fabricación de juegos y juguetes (fabricación de mesas de billar),3240,3240,3240
186,Fabricación de instrumentos y materiales médicos y odontológicos (fabricación de equipo de destilación para laboratorio),3250,3250,3250
79,Otras industrias manufactureras n.c.p. (fabricación de barredoras mecánicas industriales),3290,3290,3290
40,"Instalaciones de fontanería, calefacción y aire acondicionado (instalaciones hidrosanitarias y de gas)/-/Otras instalaciones para obras de construcción (instalación de equipos para sistemas de aire acondicionado y de calefacción)/-/Instalación de maquinaria y equipo industriales (instalación de calderas industriales)",3320,"4322,4329,3320",33-X01
66,Otras actividades de limpieza de edificios y de instalaciones industriales (mantenimiento de calderas de sistemas de aire acondicionado)/-/Reparación de equipo eléctrico ,3314,"8129,3314",33-X02
99,"Reparación de maquinaria (reparación de fotocopiadoras, máquinas de escribir, calculadoras, básculas y balanzas)/-/Reparación de aparatos de uso doméstico y equipo doméstico y de jardinería (reparación y mantenimiento de aparatos eléctricos para el hogar y de uso personal)",3312,"3312,9522",33-X03
124,"Reparación de productos elaborados de metal (reparación de calderas y tanques de metal)/-/Reparación de equipo de transporte, excepto vehículos automotores (reparación y mantenimiento de embarcaciones hechos por el establecimiento fabricante)",3311,"3311,3315",33-X04
142,"Reparación de equipo de comunicaciones /-/Reparación de equipo electrónico y óptico (reparación de microscopios, equipo médico electrónico y equipo de precisión)/-/Reparación de ordenadores (computadoras) y equipo periférico ",3313,"9512,3313,9511",33-X05
300,Reparación de otros tipos de equipo (restauración de instrumentos musicales antiguos),3319,3319,3319
106,"Fabricación de gas; distribución de combustibles gaseosos por tuberías /-/Suministro de vapor y de aire acondicionado (producción, captación y distribución de vapor por ductos)",3520,"3520,3530",35-X01
23,"Generación, transmisión y distribución de energía eléctrica (generación de electricidad a partir de combustibles fósiles)",3510,3510,3510
257,"Captación, tratamiento y distribución de agua (captación, tratamiento y suministro de agua realizados por el sector privado)",3600,3600,3600
158,Evacuación de aguas residuales (servicio de alcantarillado y tratamiento de aguas residuales realizado por el sector privado),3700,3700,3700
259,Recolección de desechos no peligrosos (recolección de residuos no peligrosos por el sector privado),3811,3811,3811
225,Recolección de desechos peligrosos (servicios de recolección de residuos peligrosos por el sector privado),3812,3812,3812
227,Tratamiento y eliminación de desechos no peligrosos (tratamiento y disposición final de residuos no peligrosos por el sector privado),3821,3821,3821
226,Tratamiento y eliminación de desechos peligrosos (tratamiento y disposición final de residuos peligrosos por el sector privado),3822,3822,3822
229,Recuperación de materiales (recuperación de residuos por el sector privado),3830,3830,3830
228,Actividades de remediación y otros servicios de gestión de desechos (servicios de remediación de residuos por el sector privado),3900,3900,3900
107,Construcción de edificios (edificación de vivienda unifamiliar),4100,4100,4100
160,"Construcción de carreteras y vías de ferrocarril (construcción de carreteras, puentes y similares)",4210,4210,4210
39,"Construcción de proyectos de servicio público (construcción de obras para el tratamiento, distribución y suministro de agua y drenaje)",4220,4220,4220
49,Construcción de otras obras de ingeniería civil (construcción de plantas químicas),4290,4290,4290
157,Preparación del terreno (remoción de minerales en escombreras y preparación de terreno para la minería)/-/Demolición ,4311,"4312,4311",43-X01
159,Instalaciones eléctricas (instalación de señalamientos y protecciones en obras viales),4321,4321,4321
24,Terminación y acabado de edificios (trabajos de albañilería),4330,4330,4330
38,Otras actividades especializadas de construcción (construcción de hornos industriales),4390,4390,4390
80,Venta de vehículos automotores (comercio al por mayor de camiones),4510,4510,4510
14,Mantenimiento y reparación de vehículos automotores (reparación mecánica en general de automóviles y camiones),4520,4520,4520
196,"Venta de partes, piezas y accesorios para vehículos automotores (comercio al por mayor de partes y refacciones nuevas para automóviles, camionetas y camiones)",4530,4530,4530
198,"Venta, mantenimiento y reparación de motocicletas y sus partes, piezas y accesorios (comercio al por menor de motocicletas)",4540,4540,4540
125,"Venta al por mayor de ordenadores (computadoras), equipo periférico y programas de informática /-/Venta al por mayor de equipo, partes y piezas electrónicos y de telecomunicaciones (comercio al por mayor de cintas y videos sin grabar)",4651,"4651,4652",46-X01
81,"Venta al por mayor a cambio de una retribución o por contrato (intermediación de comercio al por mayor de productos agropecuarios, excepto a través de internet y de otros medios electrónicos)",4610,4610,4610
194,Venta al por mayor de materias primas agropecuarias y animales vivos (comercio al por mayor de tabaco sin procesar),4620,4620,4620
4,"Venta al por mayor de alimentos, bebidas y tabaco (comercio al por mayor de abarrotes)",4630,4630,4630
55,"Venta al por mayor de productos textiles, prendas de vestir y calzado (comercio al por mayor de fibras, hilos y telas)",4641,4641,4641
15,Venta al por mayor de otros enseres domésticos (comercio al por mayor de productos farmacéuticos),4649,4649,4649
305,"Venta al por mayor de maquinaria, equipo y materiales agropecuarios ",4653,4653,4653
30,Venta al por mayor de otros tipos de maquinaria y equipo (comercio al por mayor de equipo y material eléctrico),4659,4659,4659
195,"Venta al por mayor de combustibles sólidos, líquidos y gaseosos y productos conexos (comercio al por mayor de combustibles de uso industrial)",4661,4661,4661
304,Venta al por mayor de metales y minerales metalíferos ,4662,4662,4662
29,"Venta al por mayor de materiales de construcción, artículos de ferretería y equipo y materiales de fontanería y calefacción (comercio al por mayor de cemento, tabique y grava)",4663,4663,4663
20,"Venta al por mayor de desperdicios, desechos y chatarra y otros productos n.c.p. (comercio al por mayor de fertilizantes y plaguicidas agrícolas)",4669,4669,4669
1,"Venta al por menor de equipo de sonido y de video en comercios especializados /-/Venta al por menor de aparatos eléctricos de uso doméstico, muebles, equipo de iluminación y otros enseres domésticos en comercios especializados (comercio al por menor de instrumentos musicales en comercios especializados)/-/Venta al por menor de libros, periódicos y artículos de papelería en comercios especializados (comercio al por menor de artículos de papelería en comercios especializados)/-/Venta al por menor de otros productos nuevos en comercios especializados (comercio al por menor de lentes en comercios especializados)/-/Venta al por menor de otros productos en puestos de venta y mercados (comercio al por menor de lentes en puestos de venta y mercados)",4742,"4742,4759,4761,4773,4789",47-X01
5,"Venta al por menor de alimentos, bebidas y tabaco en puestos de venta y mercados (comercio al por menor de carnes rojas en puestos de venta y mercados)/-/Venta al por menor de alimentos en comercios especializados (comercio al por menor de carnes rojas en comercios especializados)/-/Venta al por menor de bebidas en comercios especializados (comercio al por menor de vinos y licores en comercios especializados)/-/Venta al por menor de productos de tabaco en comercios especializados ",4721,"4781,4721,4722,4723",47-X02
13,"Venta al por menor de prendas de vestir, calzado y artículos de cuero en comercios especializados (comercio al por menor de blancos en comercios especializados)/-/Venta al por menor de productos textiles, prendas de vestir y calzado en puestos de venta y mercados (comercio al por menor de telas en puestos de venta y mercados)",4771,"4771,4782",47-X03
82,"Venta al por menor por correo y por Internet /-/Otras actividades de venta al por menor no realizadas en comercios, puestos de venta o mercados (comercio al por menor de mascotas en puestos de venta o mercados)",4791,"4791,4799",47-X04
126,"Venta al por menor en comercios no especializados con predominio de la venta de alimentos, bebidas o tabaco (comercio al por menor en tiendas de abarrotes, ultramarinos y misceláneas)",4711,4711,4711
197,Otras actividades de venta al por menor en comercios no especializados (comercio al por menor en tiendas departamentales),4719,4719,4719
83,Venta al por menor de combustibles para vehículos automotores en comercios especializados (comercio al por menor de gasolina y diésel),4730,4730,4730
310,"Venta al por menor de ordenadores (computadoras), equipo periférico, programas de informática y equipo de telecomunicaciones en comercios especializados (comercio al por menor de computadoras y sus accesorios en comercios especializados)",4741,4741,4741
306,Venta al por menor de productos textiles en comercios especializados (comercio al por menor de telas en comercios especializados),4751,4751,4751
56,"Venta al por menor de artículos de ferretería, pinturas y productos de vidrio en comercios especializados (comercio al por menor en ferreterías y tlapalerías)",4752,4752,4752
311,"Venta al por menor de tapices, alfombras y cubrimientos para paredes y pisos en comercios especializados ",4753,4753,4753
307,Venta al por menor de grabaciones de música y de video en comercios especializados ,4762,4762,4762
309,Venta al por menor de equipo de deporte en comercios especializados ,4763,4763,4763
308,Venta al por menor de juegos y juguetes en comercios especializados (comercio al por menor de juguetes en comercios especializados),4764,4764,4764
127,"Venta al por menor de productos farmacéuticos y médicos, cosméticos y artículos de tocador en comercios especializados (farmacias sin minisúper)",4772,4772,4772
312,Venta al por menor de artículos de segunda mano ,4774,4774,4774
314,Transporte interurbano de pasajeros por ferrocarril (transporte de pasajeros por ferrocarril),4911,4911,4911
313,Transporte de carga por ferrocarril ,4912,4912,4912
58,Transporte urbano y suburbano de pasajeros por vía terrestre (transporte colectivo urbano y suburbano de pasajeros en autobuses de ruta fija),4921,4921,4921
25,Otras actividades de transporte por vía terrestre (transporte colectivo foráneo de pasajeros de ruta fija),4922,4922,4922
7,Transporte de carga por carretera (autotransporte local de productos agrícolas sin refrigeración),4923,4923,4923
48,Transporte por tuberías (suministro de agua en pipas realizado por el sector privado),4930,4930,4930
84,Transporte de pasajeros marítimo y de cabotaje (transporte marítimo de altura de pasajeros)/-/Transporte de carga marítimo y de cabotaje (transporte marítimo de altura de carga),5011,"5011,5012",50-X01
128,Transporte de pasajeros por vías de navegación interiores (transporte de pasajeros por aguas interiores)/-/Transporte de carga por vías de navegación interiores ,5021,"5021,5022",50-X02
57,Transporte de carga por vía aérea (transporte aéreo de carga con horario regular en líneas aéreas nacionales)/-/Transporte de pasajeros por vía aérea (transporte aéreo de pasajeros con horario regular en líneas aéreas nacionales),5110,"5120,5110",51-X01
59,Almacenamiento y depósito (almacenes generales de depósito),5210,5210,5210
85,Actividades de servicios vinculadas al transporte terrestre (administración de estaciones y terminales de ferrocarril y derechos de paso de vías),5221,5221,5221
200,Actividades de servicios vinculadas al transporte acuático (administración de puertos y muelles),5222,5222,5222
199,Actividades de servicios vinculadas al transporte aéreo (servicios a la navegación aérea),5223,5223,5223
129,Manipulación de la carga (servicio de carga y descarga de mercancías y equipaje para el transporte aéreo),5224,5224,5224
130,Otras actividades de apoyo al transporte (servicios de inspección y pesaje de carga para el transporte por agua),5229,5229,5229
315,Actividades postales ,5310,5310,5310
201,Actividades de mensajería (servicios de mensajería y paquetería foránea),5320,5320,5320
98,Actividades de alojamiento para estancias cortas (hoteles con otros servicios integrados),5510,5510,5510
343,"Actividades de campamentos, parques de vehículos recreativos y parques de caravanas ",5520,5520,5520
238,Otras actividades de alojamiento (pensiones y casas de huéspedes),5590,5590,5590
10,Actividades de restaurantes y de servicio móvil de comidas (servicios de preparación de alimentos para consumo inmediato en unidades móviles)/-/Otras actividades de servicio de comidas (servicios de comedor para empresas e instituciones)/-/Actividades de servicio de bebidas (servicios de preparación de bebidas en unidades móviles),5610,"5610,5629,5630",56-X01
344,Suministro de comidas por encargo ,5621,5621,5621
202,Edición de libros (edición de libros),5811,5811,5811
203,Edición de directorios y listas de correo (edición de directorios y de listas de correo),5812,5812,5812
86,"Edición de periódicos, revistas y otras publicaciones periódicas (edición de periódicos)",5813,5813,5813
204,"Otras actividades de edición (edición de catálogos, agendas, programas de espectáculos, calendarios, tarjetas postales, y otros materiales impresos n.c.p.*)",5819,5819,5819
316,Edición de programas informáticos (edición de software y edición de software integrada con la reproducción),5820,5820,5820
131,"Actividades de producción de películas cinematográficas, videos y programas de televisión (producción de películas)",5911,5911,5911
319,"Actividades de postproducción de películas cinematográficas, videos y programas de televisión (servicios de doblaje, titulaje, subtitulaje, efectos visuales, animación, edición, conversión de formato, copiado de videos, y a otros servicios para la industria fílmica y del video)",5912,5912,5912
317,"Actividades de distribución de películas cinematográficas, videos y programas de televisión ",5913,5913,5913
318,Actividades de exhibición de películas cinematográficas y cintas de video ,5914,5914,5914
87,Actividades de grabación de sonido y edición de música (editoras de música),5920,5920,5920
132,"Portales web /-/Transmisiones de radio (transmisión de programas de radio, excepto por internet)",6010,"6312,6010",60-X01
205,Programación y transmisiones de televisión (transmisión de programas de televisión),6020,6020,6020
206,Actividades de telecomunicaciones por satélite (operadores de televisión por satélite)/-/Actividades de telecomunicaciones alámbricas ,6110,"6130,6110",61-X01
320,Actividades de telecomunicaciones inalámbricas (transmisión de programas de radio satelital),6120,6120,6120
207,Otras actividades de telecomunicaciones (reventa de servicios de telecomunicaciones por satélite),6190,6190,6190
137,Otras actividades de tecnología de la información y de servicios informáticos /-/Programación informática /-/Consultoría de informática y gestión de instalaciones informáticas ,6201,"6209,6201,6202",62-X01
88,Actividades de librerías y archivos (bibliotecas y archivos del sector privado)/-/Otras actividades de servicios de información n.c.p. (servicios de información por teléfono mediante mensajes pregrabados y servicios de búsqueda de información),6399,"9101,6399",63-X01
321,"Procesamiento de datos, hospedaje y actividades conexas ",6311,6311,6311
322,Actividades de agencias de noticias ,6391,6391,6391
90,Arrendamiento financiero (alquiler de camiones de carga combinado con arrendamiento financiero)/-/Alquiler y arrendamiento de vehículos automotores (alquiler de automóviles sin chofer),6491,"6491,7710",64-X01
323,Banca central ,6411,6411,6411
89,Otros tipos de intermediación monetaria (banca múltiple),6419,6419,6419
330,Actividades de sociedades de cartera ,6420,6420,6420
324,Fondos y sociedades de inversión y entidades financieras similares ,6430,6430,6430
60,Otras actividades de concesión de crédito (banca de desarrollo),6492,6492,6492
209,"Otras actividades de servicios financieros, excepto las de seguros y fondos de pensiones, n.c.p. (factoraje financiero)",6499,6499,6499
211,Reaseguros /-/Seguros de vida ,6511,"6520,6511",65-X01
214,Fondos de pensiones /-/Actividades de gestión de fondos ,6530,"6530,6630",65-X02
212,Seguros generales (fondos de aseguramiento campesino),6512,6512,6512
213,Evaluación de riesgos y daños /-/Actividades de agentes y corredores de seguros ,6621,"6621,6622",66-X01
325,Administración de mercados financieros (casas de bolsa),6611,6611,6611
133,Corretaje de valores y de contratos de productos básicos (casas de cambio),6612,6612,6612
210,Otras actividades auxiliares de las actividades de servicios financieros (servicios relacionados con la intermediación crediticia no bursátil),6619,6619,6619
134,Otras actividades auxiliares de las actividades de seguros y fondos de pensiones (servicios relacionados con fondos de pensiones),6629,6629,6629
31,Actividades inmobiliarias realizadas con bienes propios o arrendados (alquiler sin intermediación de viviendas amuebladas),6810,6810,6810
135,Actividades inmobiliarias realizadas a cambio de una retribución o por contrato (inmobiliarias y corredores de bienes raíces),6820,6820,6820
136,Actividades jurídicas (bufetes jurídicos),6910,6910,6910
216,"Actividades de contabilidad, teneduría de libros y auditoría; consultoría fiscal (servicios de contabilidad y auditoría)",6920,6920,6920
329,Actividades de oficinas principales ,7010,7010,7010
327,"Actividades de consultoría de gestión (consultoría en administración estratégica, financiera, de recursos humanos, y de operaciones)",7020,7020,7020
6,Actividades de arquitectura e ingeniería y actividades conexas de consultoría técnica (supervisión de edificación residencial),7110,7110,7110
217,Ensayos y análisis técnicos (laboratorios de pruebas),7120,7120,7120
218,"Investigaciones y desarrollo experimental en el campo de las ciencias naturales y la ingeniería (servicios de investigación científica y desarrollo en ciencias naturales y exactas, ingeniería, y ciencias de la vida, prestados por el sector privado)",7210,7210,7210
219,"Investigaciones y desarrollo experimental en el campo de las ciencias sociales y las humanidades (servicios de investigación científica y desarrollo en ciencias sociales y humanidades, prestados por el sector privado)",7220,7220,7220
32,Publicidad (agencias de publicidad),7310,7310,7310
328,Estudios de mercado y encuestas de opinión pública ,7320,7320,7320
92,Actividades especializadas de diseño (diseño y decoración de interiores),7410,7410,7410
208,Actividades de fotografía (servicio de microfilmación y escaneo óptico),7420,7420,7420
138,"Otras actividades profesionales, científicas y técnicas n.c.p. (servicios de consultoría en medio ambiente)",7490,7490,7490
93,Actividades veterinarias (servicios veterinarios para mascotas prestados por el sector privado),7500,7500,7500
215,Alquiler de cintas de video y discos /-/Alquiler y arrendamiento de equipo recreativo y deportivo ,7721,"7722,7721",77-X01
91,Alquiler y arrendamiento de otros efectos personales y enseres domésticos (alquiler de aparatos eléctricos y electrónicos para el hogar y personales),7729,7729,7729
43,"Alquiler y arrendamiento de otros tipos de maquinaria, equipo y bienes tangibles (alquiler de casas rodantes)",7730,7730,7730
326,"Arrendamiento de propiedad intelectual y productos similares, excepto obras protegidas por derechos de autor ",7740,7740,7740
333,Actividades de agencias de empleo ,7810,7810,7810
334,Actividades de agencias de empleo temporal ,7820,7820,7820
335,Otras actividades de dotación de recursos humanos ,7830,7830,7830
336,Actividades de agencias de viajes ,7911,7911,7911
337,Actividades de operadores turísticos ,7912,7912,7912
223,"Otros servicios de reservas y actividades conexas (servicios de reservación en hoteles, restaurantes, líneas de transporte y espectáculos)",7990,7990,7990
139,Actividades de investigación (servicios de grafología)/-/Actividades de seguridad privada ,8010,"8030,8010",80-X01
338,Actividades de servicios de sistemas de seguridad ,8020,8020,8020
332,Actividades combinadas de apoyo a instalaciones ,8110,8110,8110
258,Limpieza general de edificios ,8121,8121,8121
339,Actividades de paisajismo y servicios de mantenimiento conexos ,8130,8130,8130
331,Actividades combinadas de servicios administrativos de oficina ,8211,8211,8211
116,"Fotocopiado, preparación de documentos y otras actividades especializadas de apoyo de oficina (impresión rápida combinada con servicios de fotocopiado, engargolado y enmicado)",8219,8219,8219
220,Actividades de centros de llamadas (servicios de casetas telefónicas),8220,8220,8220
340,Organización de convenciones y exposiciones comerciales ,8230,8230,8230
221,Actividades de agencias de cobro y agencias de calificación crediticia (agencias de cobranza),8291,8291,8291
276,Actividades de envasado y empaquetado (empacado de productos en aerosol),8292,8292,8292
222,"Otras actividades de servicios de apoyo a las empresas n.c.p. (servicios de estenografía realizados en tribunales, transcripción simultánea de diálogos para televisión y en reuniones y conferencias, y otros servicios de apoyo secretarial y similares n.c.p.*)",8299,8299,8299
144,"Regulación de las actividades de organismos que prestan servicios sanitarios, educativos, culturales y otros servicios sociales, excepto servicios de seguridad social (regulación y fomento de actividades para mejorar y preservar el medio ambiente)/-/Actividades de planes de seguridad social de afiliación obligatoria ",8412,"8412,8430",84-X01
239,Actividades de la administración pública en general (órganos legislativos),8411,8411,8411
357,Regulación y facilitación de la actividad económica ,8413,8413,8413
358,Relaciones exteriores ,8421,8421,8421
359,Actividades de defensa ,8422,8422,8422
341,Actividades de mantenimiento del orden público y de seguridad (servicios particulares de extinción de incendios),8423,8423,8423
61,Enseñanza preescolar y primaria (escuelas de educación preescolar del sector privado),8510,8510,8510
230,Enseñanza secundaria de formación general (escuelas de educación secundaria general del sector privado),8521,8521,8521
33,Enseñanza secundaria técnica y vocacional (escuelas de educación secundaria técnica del sector privado),8522,8522,8522
94,Enseñanza superior (escuelas de postbachillerato del sector privado),8530,8530,8530
232,Enseñanza deportiva y recreativa (escuelas de deporte del sector privado),8541,8541,8541
231,Enseñanza cultural (escuelas de arte del sector privado),8542,8542,8542
8,Otros tipos de enseñanza n.c.p. (escuelas del sector privado que combinan diversos niveles de educación),8549,8549,8549
342,Actividades de apoyo a la enseñanza ,8550,8550,8550
44,Actividades de hospitales (hospitales generales del sector privado),8610,8610,8610
21,Actividades de médicos y odontólogos (consultorios de medicina general del sector privado),8620,8620,8620
2,Otras actividades de atención de la salud humana (consultorios de quiropráctica del sector privado),8690,8690,8690
233,"Actividades de atención de enfermería en instituciones (residencias del sector privado con cuidados de enfermeras para enfermos convalecientes, en rehabilitación, incurables y terminales)",8710,8710,8710
95,"Actividades de atención en instituciones para personas con retraso mental, enfermos mentales y toxicómanos (residencias del sector privado para el cuidado de personas con problemas de retardo mental)",8720,8720,8720
234,Actividades de atención en instituciones para personas de edad y personas con discapacidad (asilos y otras residencias del sector privado para el cuidado de ancianos),8730,8730,8730
235,Otras actividades de atención en instituciones (orfanatos y otras residencias de asistencia social del sector privado),8790,8790,8790
236,Actividades de asistencia social sin alojamiento para personas de edad y personas con discapacidad (centros del sector privado dedicados a la atención y cuidado diurno de ancianos y personas con discapacidad),8810,8810,8810
9,Otras actividades de asistencia social sin alojamiento (servicios de orientación y trabajo social para la niñez y la juventud prestados por el sector privado),8890,8890,8890
34,"Actividades creativas, artísticas y de entretenimiento (compañías de teatro del sector privado)",9000,9000,9000
140,Actividades de museos y conservación de lugares y edificios históricos (museos del sector privado),9102,9102,9102
141,Actividades de jardines botánicos y zoológicos y de reservas naturales (jardines botánicos y zoológicos del sector privado),9103,9103,9103
97,Actividades de juegos de azar y apuestas (casinos),9200,9200,9200
16,Otras actividades deportivas (deportistas profesionales)/-/Gestión de instalaciones deportivas (presentación de espectáculos deportivos),9311,"9319,9311",93-X01
237,Actividades de clubes deportivos (equipos deportivos profesionales),9312,9312,9312
96,Actividades de parques de atracciones y parques temáticos (parques de diversiones y temáticos del sector privado),9321,9321,9321
45,Otras actividades de esparcimiento y recreativas n.c.p. (espectáculos de carnavales del sector privado),9329,9329,9329
350,Actividades de asociaciones empresariales y de empleadores ,9411,9411,9411
352,Actividades de asociaciones profesionales ,9412,9412,9412
351,Actividades de sindicatos ,9420,9420,9420
353,Actividades de organizaciones religiosas ,9491,9491,9491
354,Actividades de organizaciones políticas ,9492,9492,9492
355,Actividades de otras asociaciones n.c.p. ,9499,9499,9499
345,Reparación de aparatos electrónicos de consumo ,9521,9521,9521
347,Reparación de calzado y de artículos de cuero ,9523,9523,9523
346,Reparación de muebles y accesorios domésticos ,9524,9524,9524
348,Reparación de otros efectos personales y enseres domésticos (cerrajerías),9529,9529,9529
224,"Lavado y limpieza, incluida la limpieza en seco, de productos textiles y de piel (servicios de limpieza de tapicería, alfombras y muebles)",9601,9601,9601
349,Peluquería y otros tratamientos de belleza ,9602,9602,9602
143,Pompas fúnebres y actividades conexas (servicios funerarios),9603,9603,9603
100,Otras actividades de servicios personales n.c.p. (baños públicos),9609,9609,9609
356,Actividades de los hogares como empleadores de personal doméstico ,9700,9700,9700
240,Actividades de organizaciones y órganos extraterritoriales (organismos internacionales),9900,9900,9900
